"geometry_name","ATT_SC","Pre.RMSE_SC","Post.RMSE_SC","Ratio.Post.Pre_SC","order.x","rank.x","ATT_SCMO","Pre.RMSE_SCMO","Post.RMSE_SCMO","Ratio.Post.Pre_SCMO","order.y","rank.y","SCMO_wins_SC","centroid_lat","centroid_lon"
"donor113.0",0.00983736871305552,0.000388687707367829,0.0146043202840375,37.5734040650194,1,0.00854700854700855,0.0056003207068559,0.000530558154864439,0.0126942969064817,23.9263062683961,23,0.194915254237288,TRUE,-6.00464240215405,-57.8728998672682
"donor30.0",0.126149379810789,0.0131275222346951,0.369893596134729,28.1769544565788,2,0.0170940170940171,0.134253781148144,0.00316906429362081,0.372859383240898,117.65598570892,1,0.00847457627118644,FALSE,-2.3902380640251,-47.6701096439987
"donor45.0",0.016398575963,0.0013489658111898,0.0216607047323354,16.0572673915512,3,0.0256410256410256,0.0117055695116996,0.000496078861604139,0.0199453594055576,40.2060255925066,8,0.0677966101694915,TRUE,-3.0233537355568,-51.1105715777952
"donor40.0",0.0143251603736741,0.00432772740704403,0.0504791286394697,11.6641192689972,4,0.0341880341880342,0.00927111920259435,0.00137189580900502,0.04471436557449,32.5931206152744,18,0.152542372881356,TRUE,-1.45951084305431,-54.9161515715463
"donor63.0",0.0352873911105111,0.00816432910941862,0.0924131057617643,11.3191303931089,5,0.0427350427350427,0.0430613968239385,0.00356938901005254,0.101057072910073,28.3121488370879,21,0.177966101694915,FALSE,-7.88726814144356,-55.0593517789859
"donor101.0",0.00799810017944448,0.00420306557175823,0.0328400279242487,7.81335131788367,6,0.0512820512820513,0.0123225788882055,0.00077814374775052,0.0296742086551077,38.1346103992878,10,0.0847457627118644,FALSE,-2.70822435716092,-49.8940967325842
"donor98.0",-0.0125654919164429,0.00319358186537571,0.0217884265940034,6.8225671088097,7,0.0598290598290598,-0.00318854095065033,0.00133418969153216,0.0102606391517351,7.69053997108311,58,0.491525423728814,TRUE,-3.94098623024257,-48.578283977571
"donor71.0",0.00424626930675433,0.000903914570923918,0.00572625996268932,6.33495702678666,8,0.0683760683760684,0.00673893684118258,0.00117656502587468,0.013890581162457,11.8060462932174,36,0.305084745762712,FALSE,-2.16532138570721,-49.3081160597905
"donor129.0",0.0193577127044306,0.0065575576949478,0.0412432586439075,6.28942367913636,9,0.0769230769230769,0.0145551502098342,0.00464059232413928,0.0408635071759153,8.80566624293906,51,0.432203389830508,TRUE,-4.26667625776606,-48.6448407681495
"donor105.0",0.0199682131764249,0.00684773405307807,0.0393491975374759,5.7463092509833,11,0.094017094017094,0.0347021186678167,0.00215957202917865,0.042181213133188,19.5322094207854,27,0.228813559322034,FALSE,-3.26633974918013,-50.3329430928203
"donor118.0",-0.00523729446683252,0.00154569703395535,0.00848758016176367,5.49110205642592,12,0.102564102564103,-0.00751086202153708,0.000733578094546931,0.0154892907081047,21.1147126982725,25,0.211864406779661,FALSE,-2.50517508165738,-50.9363374069693
"donor22.0",-0.0108262064745437,0.00308776176320275,0.0159696489836647,5.17191746266731,13,0.111111111111111,-0.00642143881517411,0.000292012339550218,0.00934596068629522,32.0053621730187,19,0.161016949152542,TRUE,-3.47184350473205,-48.7126512003987
"donor37.0",-0.0115108883398738,0.003165461042626,0.014061157503756,4.442056722357,14,0.11965811965812,-0.00779698032492259,0.000872148020791962,0.0115520670411439,13.2455348928659,34,0.288135593220339,TRUE,-9.41512659830628,-55.257249403964
"donor74.0",-0.00618340157340229,0.00274866815050566,0.0120953183588301,4.40042875186844,15,0.128205128205128,-0.0120878841399144,0.00045212656469672,0.0194075518494162,42.9250421559161,7,0.0593220338983051,FALSE,-4.99842100657511,-56.8416422897181
"donor102.0",0.00698317928551185,0.00222799999334674,0.00917680960009455,4.11885530857198,16,0.136752136752137,0.00637315459982476,0.00332735482877138,0.00908326683131713,2.72987622263031,86,0.728813559322034,TRUE,-6.83765750301413,-51.3040217155583
"donor116.0",0.00569408837637518,0.00299914639536647,0.0118924374215082,3.96527406594136,17,0.145299145299145,0.00183702818074511,0.00166122181885004,0.0187587669225431,11.2921505783789,41,0.347457627118644,TRUE,-6.51145554980802,-55.8848821718689
"donor85.0",-0.0127391183182869,0.0060684927314487,0.0240588960733591,3.96455876904637,18,0.153846153846154,-0.0050054286954689,0.000660392890830075,0.00698475729305946,10.5766694191393,45,0.38135593220339,TRUE,-1.22626891320532,-55.6160577828636
"donor130.0",-0.00608857737428583,0.00238178716548338,0.00919923228927744,3.86232339421078,19,0.162393162393162,-0.00346997178758135,0.000778710077258425,0.0058242251983245,7.4793242933617,59,0.5,TRUE,-1.19536692799501,-56.3478180540468
"donor29.0",-0.00898741736415224,0.00355780015439474,0.0129798029322836,3.64826644808882,20,0.170940170940171,-0.00458152580719992,0.00022525156381418,0.00615597782431196,27.3293455551336,22,0.186440677966102,TRUE,-8.48580466760401,-56.3267598295656
"donor97.0",-0.00733416339283594,0.00385217179959063,0.0135771511771399,3.52454456433712,21,0.17948717948718,0.00361954556254321,5.66664003164103e-05,0.0053478444423696,94.3741690403597,3,0.0254237288135593,TRUE,-8.46049161731058,-56.3118914567222
"donor70.0",0.0131156081683476,0.00892123176647118,0.0305111777494254,3.42006334417811,22,0.188034188034188,0.00496439841462969,0.00331316907692611,0.0146395796238139,4.41860324176276,73,0.61864406779661,TRUE,-8.18726400081745,-54.8916964202884
"donor65.0",0.00412312897712558,0.0090294539800642,0.0300327578670056,3.32608792661371,23,0.196581196581197,0.0115144634164274,0.000901322051148427,0.0339288874978777,37.6434676757846,11,0.0932203389830508,FALSE,-6.98308268336779,-50.8962679815273
"donor132.0",-0.000231481179846487,0.00631657163943969,0.0204836547850046,3.24284373774973,24,0.205128205128205,0.00382243440698478,0.00298873809504627,0.0335072815211299,11.2111802558635,42,0.35593220338983,FALSE,-2.33143464337211,-50.5037660386105
"donor41.0",0.00414486873124729,0.00516115283178623,0.016280105747766,3.15435451697941,25,0.213675213675214,-0.00211746031122156,0.00178331869001323,0.0244913282722323,13.7335678751006,33,0.279661016949153,TRUE,-6.46338413622544,-50.1125209713228
"donor31.0",0.00679448247909567,0.00615602934186827,0.0193240871256156,3.13905052306833,26,0.222222222222222,-0.00141609432899564,0.00310046298915225,0.00640009568518957,2.06423869840792,97,0.822033898305085,TRUE,-1.6183363747862,-53.873642743326
"donor124.0",-0.0041393783109023,0.00158570724601369,0.00493454537407161,3.11188927620565,27,0.230769230769231,-0.00138024142741609,0.00061982573701237,0.00598964947622394,9.66344105860257,47,0.398305084745763,TRUE,-2.04909234562478,-54.8939561600376
"donor147.0",-0.0105254823197857,0.00622145476842732,0.0189573266273209,3.04708903832681,28,0.239316239316239,4.84639985182433e-05,0.000434759364131653,0.0061183264114877,14.0729031189653,31,0.26271186440678,TRUE,-3.61844849437946,-48.6076395918129
"donor67.0",-0.0045458530462266,0.00432897468591666,0.0130098046417205,3.00528545108961,29,0.247863247863248,-0.0178887076655212,0.00109405805686763,0.0235238729983269,21.5014850909077,24,0.203389830508475,FALSE,-3.00141438198874,-50.5479623466126
"donor51.0",-0.00711772669471007,0.00280967968958457,0.00826567387978195,2.94185629430382,30,0.256410256410256,-0.0145215563843994,0.000811933805320065,0.0301452534985082,37.1277230988368,13,0.110169491525424,FALSE,-8.94207116805501,-56.4613495604576
"donor95.0",0.01149369943324,0.00798082474395496,0.0228135049386089,2.85853977132989,31,0.264957264957265,0.00855222059648576,0.00373615943091778,0.0221952133550005,5.94064941964972,66,0.559322033898305,TRUE,-2.34402828598158,-49.0707646435161
"donor32.0",0.0183785182614235,0.0110259392355897,0.0308399145216851,2.79703287518034,32,0.273504273504274,0.000654199524788803,0.00531221678407785,0.00960880679694575,1.80881300359314,100,0.847457627118644,TRUE,-8.16394105444207,-54.9209759480405
"donor33.0",-0.000114463116701003,0.00042868869371085,0.00108973204415162,2.54201256095325,33,0.282051282051282,0.00580001264541928,0.00146682677690102,0.00606991348190699,4.13812563111981,74,0.627118644067797,FALSE,-2.25872115713851,-54.089650273451
"donor1.0",-0.00613315372116566,0.00424206716716155,0.0106716331430545,2.51566812182163,34,0.290598290598291,-0.0104203298934784,0.00189446761037065,0.0147928463553343,7.80844511373838,56,0.474576271186441,FALSE,-2.89350999227869,-50.3376162254021
"donor48.0",0.0139496732848011,0.0140444002136269,0.0347641005718111,2.47529976667003,35,0.299145299145299,0.00523466072163731,0.00363754410689641,0.0300202114021088,8.25287900844791,53,0.449152542372881,TRUE,-6.77908411961455,-55.3372291645469
"donor128.0",0.0169882220031884,0.00840012967177485,0.0199927557825171,2.38005323295121,36,0.307692307692308,0.0109033219666439,0.00176926715591378,0.0140834915653947,7.96007065316317,54,0.457627118644068,TRUE,-4.77267355793515,-55.8558185534713
"donor149.0",0.0178481484127378,0.0107188666336238,0.0229520704562964,2.1412777340002,37,0.316239316239316,0.016546682666721,0.00436060649582494,0.0269175878229889,6.17289999653972,64,0.542372881355932,TRUE,-3.58700277379206,-50.3358602158596
"donor77.0",-3.53580424619951e-05,0.00253205794834588,0.00521675931856279,2.06028433194855,38,0.324786324786325,0.00099580964405916,0.000534910411945866,0.00415732337478787,7.77199935156357,57,0.483050847457627,FALSE,-1.31241491016141,-56.1607297768669
"donor121.0",-0.00618470788422291,0.00854290378705348,0.0154342147422959,1.80667079098866,39,0.333333333333333,-0.00548761172096245,0.00414375246860467,0.0154989495896675,3.74031743138519,80,0.677966101694915,TRUE,-9.6479186154713,-50.1713771538514
"donor26.0",0.00666959664495234,0.00806695186542484,0.0142892369754905,1.77133038771863,40,0.341880341880342,0.00727278075990459,0.00385628036402942,0.00967946955618205,2.51005337850176,90,0.76271186440678,FALSE,-1.65869308710375,-48.2692870325657
"donor5.0",0.0011840625101929,0.0043762258529493,0.007550927658559,1.72544286156304,41,0.35042735042735,0.00373519325981008,0.00199772101511702,0.00811975568226288,4.06450931877855,76,0.64406779661017,FALSE,-8.49112472372108,-50.4644954870115
"donor64.0",0.00925966078674015,0.0113065199035598,0.0193091901739876,1.70779252490488,42,0.358974358974359,0.0125194140886992,0.00202187453248484,0.0193017219774389,9.54644893504717,48,0.406779661016949,FALSE,-7.06306601993494,-49.2351816188528
"donor86.0",-0.00359769003757421,0.00518455600900609,0.00835192878514106,1.61092459424354,43,0.367521367521368,0.00136837121456405,0.00123107068467467,0.00968579963098892,7.86778513335205,55,0.466101694915254,TRUE,-7.6059347072806,-50.3552253055666
"donor127.0",-0.00988306139309333,0.0067274914755227,0.0108045471786254,1.60602911470592,44,0.376068376068376,0.00164571239617778,0.00101198826299056,0.00541435193618975,5.3502121854552,68,0.576271186440678,TRUE,-5.80336573936594,-49.5518094408783
"donor62.0",0.000890073570325411,0.026458744561735,0.0424063291523481,1.60273398661842,45,0.384615384615385,0.0144580450795943,0.0179939325106842,0.0266691760939268,1.48212049134294,106,0.898305084745763,FALSE,-8.03857240392092,-55.3780331070282
"donor122.0",0.00400127042255584,0.0172966695106085,0.0276091642790007,1.59621274269404,46,0.393162393162393,0.00606520470184188,0.00579852038828088,0.011970176174562,2.06435010537418,96,0.813559322033898,FALSE,-9.6825113371869,-51.387885850835
"donor50.0",0.00512934436344459,0.0062473036167974,0.00965476896285718,1.54542976539478,47,0.401709401709402,0.00791011506096456,0.000575761779725506,0.0114381460870749,19.8661086752372,26,0.220338983050847,FALSE,-1.63563897918405,-54.121088918186
"donor8.0",-0.000293994346864985,0.00344208892782016,0.00531131338997678,1.54304943926605,48,0.41025641025641,-0.00670753588392244,0.0008040553355461,0.0151004628412105,18.7803776352713,28,0.23728813559322,FALSE,-7.1349434448897,-49.8766806484265
"donor38.0",0.00171672051086747,0.00665369574832414,0.0101593113790105,1.52686743777987,49,0.418803418803419,0.000548141222907959,0.00179569602130418,0.00595678773313214,3.31725841259359,83,0.703389830508475,TRUE,-1.21391816765961,-53.5096467023862
"donor46.0",0.00776386602266502,0.0464757938716034,0.0702146661962207,1.51077927555578,50,0.427350427350427,0.00578229499747717,0.0202666935149271,0.036820967018028,1.81682162366091,98,0.830508474576271,TRUE,-9.48130465725146,-52.0630254717632
"donor72.0",-0.00161603157530921,0.00692586815246075,0.0104333333345437,1.50642967854315,51,0.435897435897436,-0.00504382748780759,0.0012982367683539,0.0121871772143618,9.3874842489745,49,0.415254237288136,FALSE,-6.55308372321571,-51.2476373317322
"donor115.0",-0.00256833383860338,0.00209914151561708,0.00309021011167842,1.47213043460293,52,0.444444444444444,-0.00142576158753983,0.000535573515911447,0.0019693542938499,3.67709424633968,81,0.686440677966102,TRUE,-2.01728919246474,-55.5747061028816
"donor52.0",-0.0140667302595852,0.0138451074779979,0.0203488440534671,1.46974980770678,53,0.452991452991453,-0.00964434046819877,0.00710946835855164,0.0113822107420515,1.600993234376,103,0.872881355932203,TRUE,-6.22434401697635,-57.8542944062088
"donor43.0",0.00674389387189631,0.0102951184140781,0.0145053281960777,1.40895205015247,54,0.461538461538462,0.00513598922049096,0.00358368704838453,0.0145077626038741,4.04827832564619,77,0.652542372881356,TRUE,-4.87192912609204,-55.9602541842165
"donor96.0",0.00905892171258306,0.0121282453809097,0.0170781218226958,1.40812799265897,55,0.47008547008547,0.0127925805059159,0.00690948264623047,0.0180164788999247,2.6075004196955,87,0.73728813559322,FALSE,-3.59446300258627,-51.0695493718441
"donor144.0",0.00885017824922048,0.0161012232854057,0.0221695233422409,1.37688441115747,56,0.478632478632479,0.00497735169125229,0.00718677155151579,0.0130242402736844,1.81225188254904,99,0.838983050847458,TRUE,-9.56007175396367,-51.8717943492218
"donor57.0",-0.00393433804003887,0.00402791121834306,0.00546616979621452,1.35707305844321,57,0.487179487179487,0.000550160168545421,0.00294287878800907,0.00930866755384156,3.16311619485323,84,0.711864406779661,TRUE,-6.2917699937266,-48.8292101775587
"donor12.0",-0.00196763392055868,0.00644399747742607,0.00873357672954151,1.35530418193614,58,0.495726495726496,0.000472133285477449,0.00178440460646042,0.0192714694088173,10.7999437678233,43,0.364406779661017,TRUE,-4.07694789460946,-48.352439881976
"donor139.0",-0.0110299297054324,0.00947202339580441,0.0125069178122227,1.32040613600708,59,0.504273504273504,-0.00182745904982683,0.000675389247558862,0.00499221704136206,7.39161462727755,60,0.508474576271186,TRUE,-9.38959763728489,-54.9806038860601
"donor114.0",-0.00748545022314427,0.0067110420688932,0.00868880942015265,1.29470346496958,60,0.512820512820513,-0.00254083196659547,0.00149367073897015,0.00931939605641624,6.23925729631803,63,0.533898305084746,TRUE,-6.70293963698993,-49.238153311725
"donor137.0",0.0116753541383606,0.0159011965933148,0.0205863437078951,1.29464116659938,61,0.521367521367521,0.00378633060721527,0.0053311478982213,0.0126303444123437,2.36916038599448,92,0.779661016949153,TRUE,-1.33304286527814,-53.5046523697992
"donor10.0",-0.0159854360558595,0.0144295226295707,0.0185453842204338,1.28523892969462,62,0.52991452991453,-0.0021889119823344,0.00101263939281125,0.0330810171122789,32.6681120121554,17,0.14406779661017,TRUE,-1.37122508074021,-54.2628627300327
"donor13.0",0.00349868306764055,0.00579455152687707,0.00694923897394988,1.19927123638766,63,0.538461538461538,0.00535810769040938,0.00181221604235769,0.0126254097929986,6.96683480219771,62,0.525423728813559,FALSE,-5.02645929106585,-49.5043524325761
"donor17.0",-0.00584456456621797,0.00640687112386244,0.00762302822784783,1.1898207534495,64,0.547008547008547,-0.00841979060979358,0.00104938500319435,0.0121778884146832,11.604786020015,40,0.338983050847458,FALSE,-8.32325846856932,-50.5821831740278
"donor16.0",-0.00516940327836555,0.00585332254959521,0.00687776738791577,1.17501937226941,65,0.555555555555556,-0.00597489220363807,0.00370591102412227,0.00791392566803671,2.13548723013691,94,0.796610169491525,FALSE,-6.80117816412525,-49.0404013719069
"donor7.0",-0.00917914149209496,0.0101650640166617,0.0113592318242319,1.11747764752025,66,0.564102564102564,-0.0108093191874483,0.00211503021106678,0.0248918281381528,11.7690177700099,37,0.313559322033898,FALSE,-6.62249704793198,-49.3243009112828
"donor80.0",-0.0104819005027773,0.0107162777368449,0.0119474773485345,1.11489060305488,67,0.572649572649573,-0.00260226680765919,0.00159986872694953,0.0077798249140812,4.86278954206137,71,0.601694915254237,TRUE,-1.33146528774733,-48.3019000874131
"donor69.0",-0.013624339560374,0.0130861581925464,0.014542961628121,1.11132399701574,68,0.581196581196581,-0.0129226315296873,0.00776828694445827,0.0199939522551691,2.57379167352107,88,0.745762711864407,TRUE,-9.33945955014264,-55.8065629258394
"donor146.0",-0.00112568939343365,0.00381190128728015,0.00413385761163735,1.08446082416445,69,0.58974358974359,-0.0249474586061175,0.00144949381039794,0.0687012689397548,47.3967314982144,6,0.0508474576271186,FALSE,-6.09011740424644,-49.8526136078412
"donor15.0",-0.00408132523692942,0.00424558886190393,0.00456691864816479,1.07568556370217,70,0.598290598290598,-0.00361537355314571,0.00272401970901225,0.00659046813735793,2.41939076855934,91,0.771186440677966,TRUE,-2.17087860342078,-54.5615450593739
"donor133.0",-0.00526853051278184,0.00723857853478457,0.00775510237764766,1.07135708210956,71,0.606837606837607,0.00934660221666038,0.00144216981678944,0.0180673362747844,12.52788407055,35,0.296610169491525,FALSE,-2.93920910906313,-55.8363702664466
"donor131.0",-0.000458831757120787,0.00417371812216722,0.00446490166028351,1.06976598073784,72,0.615384615384615,-0.00035476130862588,0.00196501436409415,0.00612818407875003,3.11864594515321,85,0.720338983050847,TRUE,-5.76145113778241,-48.3318656124165
"donor117.0",-0.0106661911244595,0.0116043702823362,0.0120871953610882,1.04160717617629,73,0.623931623931624,-0.00251465280844906,0.000448007343218684,0.00704852119025151,15.7330483460646,30,0.254237288135593,TRUE,-1.49612962705674,-54.5933757972304
"donor135.0",0.0153293960001781,0.0277927600857946,0.028436167447947,1.02315017868561,74,0.632478632478632,0.00215289360242011,0.00941942097616306,0.0131715462097877,1.39833926555782,108,0.915254237288136,TRUE,-9.50571922083585,-51.946462425757
"donor4.0",-0.00583595832820222,0.0102045712838613,0.0093115199643007,0.912485170153794,75,0.641025641025641,-0.000860496353604456,0.000849027001027038,0.00998215545727266,11.7571707910321,38,0.322033898305085,TRUE,-3.98289958818087,-56.1379193333012
"donor142.0",-0.0157504659065327,0.0225608938011898,0.0203855535322541,0.903579162771426,76,0.64957264957265,-0.0071852213272379,0.011000954582334,0.012907735911658,1.17332871570855,110,0.932203389830508,TRUE,-9.63861059451485,-52.1673689532704
"donor20.0",-4.81421549147638e-06,0.00285064161795265,0.00255848012177409,0.897510267745129,77,0.658119658119658,-4.31322780124494e-05,0.000600481841642433,0.00318317221440988,5.30102992907045,69,0.584745762711864,FALSE,-5.64782049922331,-48.5410465726117
"donor108.0",0.00679246509988156,0.0128239693500678,0.0114155372649595,0.890171908037129,78,0.666666666666667,-0.0382964657342305,0.00636540450974391,0.115593630644484,18.1596676955153,29,0.245762711864407,FALSE,-5.66457380870693,-51.2418218166066
"donor110.0",0.000158571012613591,0.00270620763717099,0.00239411485458147,0.884675226578042,79,0.675213675213675,0.000109466228949223,0.00227059536972374,0.00221157864706862,0.974008260810335,112,0.949152542372881,TRUE,-5.644908398357,-48.5181206503786
"donor92.0",-0.00219125662013257,0.00440424346314422,0.0038783432799338,0.880592390586197,80,0.683760683760684,-0.00428307371920018,0.0022951163064553,0.00897030855938911,3.90843310823028,78,0.661016949152542,FALSE,-2.16938429807376,-56.6120184456273
"donor112.0",-0.00479344515426701,0.00872126097622276,0.00743157914997305,0.852122092233469,81,0.692307692307692,-0.00779301652177599,0.00178148276744548,0.0129141781328375,7.24911762764647,61,0.516949152542373,FALSE,-5.38644271649658,-49.5710782540651
"donor27.0",0.0169609158562394,0.0287952221827303,0.0229569717759305,0.79724933637424,82,0.700854700854701,0.0143383298155432,0.00524321006875019,0.0232275502550666,4.4300247273143,72,0.610169491525424,TRUE,-5.47807198922422,-51.0107490260111
"donor79.0",-0.000870826391813972,0.0446818686296452,0.0346936650750053,0.776459582802384,83,0.709401709401709,-0.000489168182996574,0.00857484939079762,0.031241022397871,3.64333190870948,82,0.694915254237288,TRUE,-8.89984333799011,-51.5782947981082
"donor134.0",0.0161519366987094,0.0310067827541332,0.0239522832377187,0.772485279354753,84,0.717948717948718,-0.0179904486268078,0.00793083072448471,0.0327263159330012,4.12646758831528,75,0.635593220338983,FALSE,-3.5877365771257,-51.2548825678023
"donor123.0",0.00240011858130498,0.0120099381412939,0.0090783429676917,0.755902558438458,85,0.726495726495726,-0.00133096144793034,0.0072411522657331,0.0070653437266532,0.975720916695555,111,0.940677966101695,TRUE,-1.77134702465998,-55.253909153177
"donor68.0",0.00614826700789754,0.0186554834303571,0.0138929970200335,0.74471385702212,86,0.735042735042735,0.00286631724020317,9.27826773847552e-05,0.00674831409144347,72.7324785364759,5,0.0423728813559322,TRUE,-1.53640630154871,-55.4179248132212
"donor61.0",-0.0020076133022841,0.0503231636380626,0.0359760663945481,0.71490072947912,87,0.743589743589744,0.00776863583969198,0.00242306622311239,0.0215648509657475,8.89981906398241,50,0.423728813559322,FALSE,-8.66358405038377,-51.3536857958446
"donor87.0",-0.00560849770970236,0.0109374103071549,0.00780414186218664,0.713527392958954,88,0.752136752136752,0.00421186512475069,0.000202673365484022,0.0237708756135762,117.286627953342,2,0.0169491525423729,TRUE,-9.49629950242548,-50.5713921718707
"donor99.0",0.002508077263918,0.0226576073039709,0.0159039056851479,0.701923441066993,89,0.760683760683761,0.00630258733089822,0.000560130033562946,0.020469558172902,36.5442967639078,14,0.11864406779661,FALSE,-8.32699335148293,-56.343720442988
"donor111.0",-0.00156638826837898,0.00427097411657,0.00293169718123313,0.686423542081207,90,0.769230769230769,-0.0198887293418388,0.00306245400372556,0.0267761110823226,8.74335126331652,52,0.440677966101695,FALSE,-3.12220787647225,-50.0897965723087
"donor107.0",-0.00027421962663747,0.00900683323154229,0.00604195119737162,0.670818593177951,91,0.777777777777778,0.00137178006491367,0.00446257760140352,0.00629914896141643,1.41154945057657,107,0.906779661016949,FALSE,-1.63721788763027,-47.3038960061809
"donor106.0",-0.00353695842971768,0.00972108412696171,0.00649451043847802,0.668084994806835,92,0.786324786324786,0.00959367718195933,0.000525668183584958,0.0195557653487438,37.2017290743701,12,0.101694915254237,FALSE,-1.09276602406533,-47.3553519837459
"donor91.0",0.00102004456067787,0.00898797470102064,0.00584738544651451,0.650578761180815,93,0.794871794871795,0.00587655151280344,0.00171890212101939,0.00903071691650164,5.25377030260803,70,0.593220338983051,FALSE,-5.01615115953014,-49.3676624431821
"donor83.0",-0.0012049788897625,0.0114791165878351,0.00704029081190698,0.613312945995152,94,0.803418803418803,-0.00477078921405509,0.00225725183300481,0.0134550823103234,5.96082462469962,65,0.550847457627119,FALSE,-6.60892271253896,-50.2836348250481
"donor143.0",0.000496208024889755,0.00973931212530443,0.00586643508916434,0.60234593713475,95,0.811965811965812,0.00383850200410794,0.00105829895146542,0.0111688213886794,10.5535599116054,46,0.389830508474576,FALSE,-1.83338828467594,-47.756434276624
"donor6.0",-0.00166504886895729,0.0123211003815744,0.00724264763370953,0.587824740438002,96,0.82051282051282,0.00209717291771404,0.00728002727794116,0.00992906621537338,1.36387761148354,109,0.923728813559322,FALSE,-3.99964447495588,-54.5628604336987
"donor120.0",-6.18425881234844e-05,0.0118929420867691,0.00684832905556332,0.57583136330766,97,0.829059829059829,-1.56694151466188e-05,0.00238754297628165,0.00368467552213412,1.54329181034162,104,0.88135593220339,TRUE,-4.44026504304378,-48.786307955712
"donor2.0",-0.0017944707206112,0.0101676769275758,0.0058216723482331,0.572566613760527,98,0.837606837606838,-0.0129511054616537,0.00595107476105405,0.0224947745080086,3.77995159046268,79,0.669491525423729,FALSE,-4.40895144827864,-49.2686346547124
"donor42.0",0.00133341085446411,0.00490266349633984,0.00276237765122052,0.563444269279916,99,0.846153846153846,0.00679537785184821,0.00175370581512061,0.009793624978847,5.58453127908085,67,0.567796610169492,FALSE,-4.28217315930872,-55.8648379515379
"donor24.0",-0.00932588693625597,0.023053051625595,0.0128123758793723,0.555777867826712,100,0.854700854700855,-0.0527614026810418,0.00944487433093963,0.132191439800993,13.9961036186536,32,0.271186440677966,FALSE,-4.87473769107967,-50.8874368665019
"donor73.0",-0.00431943150866673,0.0102618718688898,0.00569651603849285,0.555114711163231,101,0.863247863247863,0.00311959920965678,0.000729620378390972,0.00786067433403871,10.7736496496628,44,0.372881355932203,TRUE,-9.67862944145867,-50.3415106235584
"donor25.0",0.00123025831849052,0.00811788552765911,0.00450310396101614,0.554713902490155,102,0.871794871794872,0.00276235948935304,0.000800941306411349,0.0233336341775554,29.1327641498511,20,0.169491525423729,FALSE,-1.118155964178,-54.0851464639951
"donor28.0",0.000547652105366967,0.0118922009425341,0.00616975053976038,0.518806448829282,103,0.88034188034188,-0.00300622225620344,0.00513607749947542,0.0116678962282684,2.27175236928574,93,0.788135593220339,FALSE,-6.50458792137522,-50.215532913427
"donor47.0",0.000467662966268124,0.0102719696716219,0.00527622579158102,0.513652781331462,104,0.888888888888889,0.00125524250699443,0.00444145657964212,0.00722226931679534,1.62610377638259,102,0.864406779661017,FALSE,-5.54064599276083,-48.9547984103911
"donor93.0",0.000974913522970115,0.0146882844076341,0.00752438788119309,0.512271390747469,105,0.897435897435897,0.00231655955118937,0.00984693933183859,0.00883747094439354,0.897484045201631,115,0.974576271186441,FALSE,-6.60472370083994,-51.4360780316787
"donor55.0",-0.00298640269955416,0.01376220497092,0.00681408790416397,0.495130534573665,106,0.905982905982906,-0.00389433812396477,0.00407746288659409,0.0062645772650055,1.53639099588183,105,0.889830508474576,FALSE,-5.58527735118362,-49.7972341774379
"donor145.0",-0.00443532138233254,0.0166321546699898,0.00805656169886153,0.484396751877156,107,0.914529914529915,-0.0079669565620382,0.00605920127202236,0.015399480604576,2.5415033951226,89,0.754237288135593,FALSE,-4.42314868097792,-48.7228161013627
"donor56.0",-0.015086035193205,0.0358520099732066,0.0172255165633952,0.480461669409006,108,0.923076923076923,-0.00317545916264899,0.0203003609285045,0.00944720603080687,0.465371333252586,118,1,TRUE,-9.28954634284259,-56.3616532203643
"donor9.0",0.00280236150000867,0.0212297273727711,0.00918060419051482,0.432440983782473,109,0.931623931623932,0.00340744459858437,0.000476355775377787,0.0185864309508967,39.0179607587548,9,0.076271186440678,FALSE,-5.74033671128191,-51.1274849963429
"donor59.0",0.00455739591237968,0.0141727130711371,0.0060222520972403,0.424918790566972,110,0.94017094017094,-0.00480987416760439,0.00211481197672685,0.0247755798712546,11.7152636470314,39,0.330508474576271,FALSE,-1.05730230960213,-46.9447127651649
"donor49.0",0.00207346520482017,0.0294720784272199,0.0124802155488911,0.423458955557222,111,0.948717948717949,-0.00133482751306148,0.000204183571851319,0.016625037518068,81.4220133741897,4,0.0338983050847458,TRUE,-5.3771274338318,-50.1149442739
"donor81.0",-0.00105831755199182,0.0091889571709467,0.00378808986341665,0.412243717425704,112,0.957264957264957,0.00266121187850886,0.00485207527074894,0.00459750415957181,0.947533561008045,113,0.957627118644068,FALSE,-7.80703790727661,-50.1532883243678
"donor90.0",0.00679763369036426,0.024685942850866,0.00972683540698057,0.39402324901029,113,0.965811965811966,0.0102008957253454,0.0227156543579889,0.0116179658293429,0.511451954949166,117,0.991525423728814,FALSE,-1.60977594466154,-47.0684312385867
"donor78.0",0.00163799317199321,0.015070901011482,0.00552084691344129,0.366324940309486,114,0.974358974358974,-0.0036423236671806,0.0070406626784947,0.0127145938241439,1.80588027075632,101,0.85593220338983,FALSE,-3.81465877829304,-50.9813341007594
"donor23.0",-0.00738722314406893,0.0253951205980775,0.00894955180020162,0.352412258317023,115,0.982905982905983,-0.00994003073492484,0.0120440482128328,0.0110230524812904,0.915228192921505,114,0.966101694915254,FALSE,-7.71418196019741,-50.6496055082733
"donor140.0",-0.00579655615663108,0.0405024089728136,0.0141554040450594,0.349495360993488,116,0.991452991452991,-0.00600982049923387,0.00812109024247851,0.0171618086280356,2.113239493174,95,0.805084745762712,FALSE,-9.39365301961176,-50.6937421997133
"donor89.0",-0.0029905622114277,0.0224618561444438,0.00543666867118979,0.24204004496461,117,1,-0.00987883501719454,0.0163672102148181,0.0120128887816379,0.733960682606864,116,0.983050847457627,FALSE,-6.39569527495971,-52.0111511558231
